{
  "timestamp": "20250516_213410",
  "total_time": 3.066518,
  "total_nodes_before": 13282,
  "total_nodes_after": 10571,
  "total_edges_before": 341230,
  "total_edges_after": 341208,
  "region_times": {
    "EB": 0.33899617195129395,
    "FB": 1.470033884048462,
    "MB": 0.14349102973937988,
    "LH": 0.9847521781921387,
    "AL": 0.1227731704711914
  },
  "results": {
    "EB": {
      "nodes_before": 1062,
      "edges_before": 43855,
      "nodes_after": 854,
      "edges_after": 43854,
      "processing_time": 0.33899617195129395,
      "status": "SUCCESS"
    },
    "FB": {
      "nodes_before": 6019,
      "edges_before": 172672,
      "nodes_after": 4366,
      "edges_after": 172671,
      "processing_time": 1.470033884048462,
      "status": "SUCCESS"
    },
    "MB": {
      "nodes_before": 603,
      "edges_before": 13191,
      "nodes_after": 598,
      "edges_after": 13171,
      "processing_time": 0.14349102973937988,
      "status": "SUCCESS"
    },
    "LH": {
      "nodes_before": 4499,
      "edges_before": 100567,
      "nodes_after": 3712,
      "edges_after": 100567,
      "processing_time": 0.9847521781921387,
      "status": "SUCCESS"
    },
    "AL": {
      "nodes_before": 1099,
      "edges_before": 10945,
      "nodes_after": 1041,
      "edges_after": 10945,
      "processing_time": 0.1227731704711914,
      "status": "SUCCESS"
    }
  }
}