region,p_c,f_c,percolation_type
al,0.016111636485842237,0.9838883635141578,node
fb,0.005528551647510491,0.9944714483524895,node
